106	invalid_collection	482339407	skirts	https://img.shopstyle-cdn.com/pim/bd/72/bd729b44657ee15fac81ba1c096a1f81_best.jpg	647232821	sweaters	https://img.shopstyle-cdn.com/pim/b1/0c/b10c12dc4cd4071341744e94ca0fd8e2_best.jpg
216	invalid_collection	652825636	shorts	https://img.shopstyle-cdn.com/pim/8e/86/8e86940f52638467ebf16a1940fac4c2_best.jpg	520386308	womens-tops	https://img.shopstyle-cdn.com/pim/b9/75/b9758d42b18bb9cefbcdfbf66a20958d_best.jpg
214	invalid_collection	633631934	shorts	https://img.shopstyle-cdn.com/pim/c5/94/c594dc5da18e59d69faacb337c2d15e3_best.jpg	653374557	sweaters	https://img.shopstyle-cdn.com/pim/90/eb/90ebe2561f035a61f3800fd3b1142160_best.jpg
225	invalid_collection	643425383	womens-pants	https://img.shopstyle-cdn.com/pim/c5/17/c517cdbfc38257ad5e8dea1d3cba1e4e_best.jpg	506625470	jackets	https://img.shopstyle-cdn.com/pim/da/f1/daf122de18dc555dcc98bebbfe1c3595_best.jpg
183	invalid_collection	654021571	shorts	https://img.shopstyle-cdn.com/pim/27/57/27570ec7283a6e45ad5c240478995288_best.jpg	625598695	sweatshirts	https://img.shopstyle-cdn.com/pim/cc/4e/cc4e6c53531cf56fcba67ec4e87b2709_best.jpg
196	invalid_collection	441110725	womens-pants	https://img.shopstyle-cdn.com/pim/d6/14/d614ade8ce9bc50677263796af7694ba_best.jpg	648333713	womens-tops	https://img.shopstyle-cdn.com/pim/3d/ad/3dad88e332b8efd29e5ed1aece5befd8_best.jpg
277	invalid_collection	653917211	shorts	https://img.shopstyle-cdn.com/pim/26/29/26296ad3af764a98ff5b6f06136696de_best.jpg	664536117	jackets	https://img.shopstyle-cdn.com/pim/11/49/1149860170f6d4491a2281a97b244535_best.jpg
294	invalid_collection	662206916	shorts	https://img.shopstyle-cdn.com/pim/e4/df/e4df0b193c613414491ae7be6ab560a6_best.jpg	652292361	sweaters	https://img.shopstyle-cdn.com/pim/ef/7e/ef7e26eaf9d6fc1b6c5eb4d94d1937a4_best.jpg
51	invalid_collection	612485075	womens-pants	https://img.shopstyle-cdn.com/pim/d5/26/d526e7416664ccac694f81ae140f0984_best.jpg	664581710	sweatshirts	https://img.shopstyle-cdn.com/pim/3f/c8/3fc8536af00cef5f1a5f7e4f0f4944dc_best.jpg
24	invalid_collection	604546014	shorts	https://img.shopstyle-cdn.com/pim/ef/2f/ef2f1df19f5800f5f17e7e826838c87a_best.jpg	626507196	womens-tops	https://img.shopstyle-cdn.com/pim/64/6d/646d960b437e566054b7f2ee03bd44ba_best.jpg
144	invalid_collection	637786066	dresses	https://img.shopstyle-cdn.com/pim/76/14/76144eef03d10424867fc2ee88f87783_best.jpg	666062736	jackets	https://img.shopstyle-cdn.com/pim/e1/b0/e1b02351cd37699beb0338c3722f7751_best.jpg
293	invalid_collection	656408424	shorts	https://img.shopstyle-cdn.com/pim/e3/ac/e3ac1807c2eaf3b5e0e9e4415b5f0f13_best.jpg	635065057	jackets	https://img.shopstyle-cdn.com/pim/6f/83/6f83f7b47a2568768c4412fb2ec070e6_best.jpg
121	invalid_collection	652825620	skirts	https://img.shopstyle-cdn.com/pim/94/fc/94fcbb69f88c519d28bb76f1a78bbd86_best.jpg	665242194	jackets	https://img.shopstyle-cdn.com/pim/22/10/221046da0046dc626af2152590a9c4dc_best.jpg
71	invalid_collection	652583035	shorts	https://img.shopstyle-cdn.com/pim/1b/2d/1b2d54c5d6bf66e1a14b400be235902d_best.jpg	665936055	sweatshirts	https://img.shopstyle-cdn.com/pim/8e/d6/8ed6124d7628fadacffb4b778b2fadd1_best.jpg
235	invalid_collection	648857901	skirts	https://img.shopstyle-cdn.com/pim/e7/be/e7be8683c9d0fa74fcaf86e76334b773_best.jpg	657307014	sweatshirts	https://img.shopstyle-cdn.com/pim/bf/a6/bfa62c5017da55f1b2a12cf66dc6ba90_best.jpg
195	invalid_collection	535362386	womens-pants	https://img.shopstyle-cdn.com/pim/28/bb/28bb1787d7c3d0909419b0020a66f0ab_best.jpg	653434910	sweatshirts	https://img.shopstyle-cdn.com/pim/6f/70/6f70be291969c18c34e3df2c7651f77c_best.jpg
56	invalid_collection	632490104	shorts	https://img.shopstyle-cdn.com/pim/06/e1/06e185a85bbd69ba199ea42eabd539bd_best.jpg	485339723	womens-tops	https://img.shopstyle-cdn.com/pim/af/5a/af5a63666a45a988fae742da8ea12c1d_best.jpg
132	invalid_collection	648390313	womens-pants	https://img.shopstyle-cdn.com/pim/73/31/7331de9b3ffcdb025066af16ae8956b2_best.jpg	651640443	womens-tops	https://img.shopstyle-cdn.com/pim/0d/94/0d94f6e90b8c4ba01b5bd14cb2622cfa_best.jpg
151	invalid_collection	619674321	shorts	https://img.shopstyle-cdn.com/pim/94/d9/94d98f642e223e5982192b64d9f6aa48_best.jpg	667287017	sweatshirts	https://img.shopstyle-cdn.com/pim/a8/49/a84969d640237cb07ff0118bf2f24ba7_best.jpg
228	invalid_collection	613892734	womens-pants	https://img.shopstyle-cdn.com/pim/af/34/af344d4246d559eb590978a4e0379463_best.jpg	660211228	womens-tops	https://img.shopstyle-cdn.com/pim/73/de/73de5ae9060ceede0f4b5c318a553764_best.jpg
49	invalid_collection	643411025	womens-pants	https://img.shopstyle-cdn.com/pim/2e/24/2e24be9375222533e3f4de12ee0dc15d_best.jpg	517930240	jackets	https://img.shopstyle-cdn.com/pim/25/f0/25f0a0d2dddc0796c64f9554d56c1d5d_best.jpg
10	invalid_collection	665790586	skirts	https://img.shopstyle-cdn.com/pim/f1/77/f177899d3d456b834fb050e9297bfa6c_best.jpg	651742995	sweaters	https://img.shopstyle-cdn.com/pim/e5/e4/e5e4958487f401218363e21375cc6bbd_best.jpg
64	invalid_collection	540004334	dresses	https://img.shopstyle-cdn.com/pim/65/56/655658069781fa0469b1aa2407dc39e2_best.jpg	498558417	jackets	https://img.shopstyle-cdn.com/pim/31/fe/31fe8f22a72e633c759a00b85b7be775_best.jpg
53	invalid_collection	667640877	shorts	https://img.shopstyle-cdn.com/pim/cc/af/ccaf32c579fe346da622b380469d8380_best.jpg	659428086	jackets	https://img.shopstyle-cdn.com/pim/c7/08/c70860c96719f044699a603b0670f4e4_best.jpg
61	invalid_collection	663832752	sweaters	https://img.shopstyle-cdn.com/pim/3d/d3/3dd325b6b69b234338551cc9700e60da_best.jpg	644994471	jackets	https://img.shopstyle-cdn.com/pim/1b/9c/1b9cb2797cbb5560bdd028c0b2bbcd60_best.jpg
98	invalid_collection	640597432	womens-pants	https://img.shopstyle-cdn.com/pim/9e/9f/9e9fcdf578398b65d403a799b2e86d6f_best.jpg	606265711	sweaters	https://img.shopstyle-cdn.com/pim/24/fe/24fe419f2b5cee61b08760f5f2ad88ea_best.jpg
54	invalid_collection	636126240	shorts	https://img.shopstyle-cdn.com/pim/34/4c/344c0413c808b6ff5f9d3deb438447ef_best.jpg	658756521	sweaters	https://img.shopstyle-cdn.com/pim/75/d7/75d7cbf833c3e4d394644245d40c018d_best.jpg
173	invalid_collection	656237068	sweaters	https://img.shopstyle-cdn.com/pim/54/95/5495ad7c62c67f957b11fec2616bcb20_best.jpg	639343386	jackets	https://img.shopstyle-cdn.com/pim/23/50/23502fd46a66549880f99b60f71c11b3_best.jpg
198	invalid_collection	638447388	shorts	https://img.shopstyle-cdn.com/pim/35/c6/35c60247ae1478344a25a4f932145678_best.jpg	636538103	sweaters	https://img.shopstyle-cdn.com/pim/41/6b/416b74611c32c45483c0aea25658b075_best.jpg
221	invalid_collection	625878138	sweaters	https://img.shopstyle-cdn.com/pim/82/2e/822e6d462c6e372bc86448e75a7b5f2d_best.jpg	611855345	jackets	https://img.shopstyle-cdn.com/pim/ce/78/ce789e9bbed0938449ca58132bcfab22_best.jpg
260	invalid_collection	529656271	womens-pants	https://img.shopstyle-cdn.com/pim/10/0d/100d060f54d4587a4810038973c4dd2a_best.jpg	662964420	womens-tops	https://img.shopstyle-cdn.com/pim/9f/68/9f683835e4ff0082b2a0e79cb7eb7295_best.jpg
273	invalid_collection	643394258	womens-pants	https://img.shopstyle-cdn.com/pim/cc/56/cc56c9a755a1998397dacaf0b51ab484_best.jpg	537172434	jackets	https://img.shopstyle-cdn.com/pim/dd/03/dd036390bc589c4fcf7c06e9a490dc7f_best.jpg
270	invalid_collection	634082306	sweatshirts	https://img.shopstyle-cdn.com/pim/1b/35/1b35a21225339a323e7e4a0b13beaa62_best.jpg	653419846	jackets	https://img.shopstyle-cdn.com/pim/52/3b/523bfcfa0c2d584edb0208d61a35c664_best.jpg
266	invalid_collection	618178758	skirts	https://img.shopstyle-cdn.com/pim/a5/a6/a5a64ce484fd9e010a7acde644fe205f_best.jpg	653506804	sweaters	https://img.shopstyle-cdn.com/pim/83/1e/831ef843bb4c8d27b71cae56b9ee5986_best.jpg
1	invalid_collection	643794854	womens-pants	https://img.shopstyle-cdn.com/pim/23/4d/234d58086f0594b5cb52606bef5f5320_best.jpg	518337027	jackets	https://img.shopstyle-cdn.com/pim/c7/88/c7883a9184cc3a65dc76fc7ed9e2332c_best.jpg
103	invalid_collection	649406560	shorts	https://img.shopstyle-cdn.com/pim/8b/8f/8b8fa631a2768d509119a36dacf88a1f_best.jpg	648551624	sweatshirts	https://img.shopstyle-cdn.com/pim/54/18/5418920b6303712012d93e8ea2f7a103_best.jpg
46	invalid_collection	668463212	sweatshirts	https://img.shopstyle-cdn.com/pim/51/0d/510da3852d61a6e3cc91ca113e35cbb7_best.jpg	630002699	jackets	https://img.shopstyle-cdn.com/pim/c0/ef/c0ef5c17df77d7e89bd8161faecac9f3_best.jpg
262	invalid_collection	651434919	shorts	https://img.shopstyle-cdn.com/pim/94/79/9479c92f39ded1f2863255fa41a4ca05_best.jpg	665837747	sweaters	https://img.shopstyle-cdn.com/pim/41/1b/411bc1954447ad6a4a4523e95765edc4_best.jpg
142	invalid_collection	635647428	sweatshirts	https://img.shopstyle-cdn.com/pim/4c/3d/4c3dcaabb10c46a685cb227c3b271586_best.jpg	649216544	jackets	https://img.shopstyle-cdn.com/pim/a8/80/a880e7747e721893759823157eb67207_best.jpg
297	invalid_collection	643887363	skirts	https://img.shopstyle-cdn.com/pim/78/97/789702ec2cdc16daee90f26ff59300a1_best.jpg	664176259	jackets	https://img.shopstyle-cdn.com/pim/db/3c/db3c1ab16be2ca9f6f40df90b899c345_best.jpg
275	invalid_collection	667662701	womens-pants	https://img.shopstyle-cdn.com/pim/a3/02/a30203aaf54b91fa5f452636fd5cf3be_best.jpg	644971104	sweatshirts	https://img.shopstyle-cdn.com/pim/c4/43/c443f7860980ac83683bd534df1f0614_best.jpg
171	invalid_collection	649514337	skirts	https://img.shopstyle-cdn.com/pim/ee/f7/eef73670b2181d68fc5002ac4645f91a_best.jpg	655222626	sweatshirts	https://img.shopstyle-cdn.com/pim/25/9f/259f7baaac8d1eb52550dec3587d0d1b_best.jpg
152	invalid_collection	654023215	shorts	https://img.shopstyle-cdn.com/pim/5e/8c/5e8cc480980b4a5aa50c7454ef167545_best.jpg	602753796	womens-tops	https://img.shopstyle-cdn.com/pim/31/f4/31f43812d4c1e34c6905f24fc9495eb3_best.jpg
50	invalid_collection	651238838	womens-pants	https://img.shopstyle-cdn.com/pim/d8/91/d891a97b97e308246b94c6f415bceff2_best.jpg	533783664	sweaters	https://img.shopstyle-cdn.com/pim/32/52/325278f0c0d7b30f332656fd6ca0acd5_best.jpg
295	invalid_collection	653567188	shorts	https://img.shopstyle-cdn.com/pim/51/7a/517a45310da8edcf10bbdfdd2b468ed8_best.jpg	648746697	sweatshirts	https://img.shopstyle-cdn.com/pim/95/45/95458b47c3cbf571ece8835ef3690411_best.jpg
299	invalid_collection	651648244	skirts	https://img.shopstyle-cdn.com/pim/7c/3e/7c3ec0a7157776de2c3cb8d0b252248c_best.jpg	659240113	sweatshirts	https://img.shopstyle-cdn.com/pim/74/73/7473dcaf9d7f173c28d9edc2567921c0_best.jpg
244	invalid_collection	665107022	womens-pants	https://img.shopstyle-cdn.com/pim/44/d8/44d82595be7e561e0cb1d4d895868f7d_best.jpg	651846037	womens-tops	https://img.shopstyle-cdn.com/pim/1a/b5/1ab560ac2c4686b74ae236abfe14da41_best.jpg
208	invalid_collection	659196978	dresses	https://img.shopstyle-cdn.com/pim/e6/9b/e69b8963790e21e557ede4a28a51938d_best.jpg	666416106	jackets	https://img.shopstyle-cdn.com/pim/62/2e/622e71c5dfb622fb5f584d6055655d92_best.jpg
226	invalid_collection	643430390	womens-pants	https://img.shopstyle-cdn.com/pim/a6/91/a69135b1859b96992d2c476979fe2a69_best.jpg	660380425	sweaters	https://img.shopstyle-cdn.com/pim/6b/e3/6be3115a416c03d44428ef9301c5e802_best.jpg
55	invalid_collection	656868522	shorts	https://img.shopstyle-cdn.com/pim/8d/0f/8d0fd13bb4ed94f2c7c0d1488a2ad34c_best.jpg	668901769	sweatshirts	https://img.shopstyle-cdn.com/pim/46/26/4626fa4d3ec9c8caf3aa4d36aa607735_best.jpg
37	invalid_collection	625183432	shorts	https://img.shopstyle-cdn.com/pim/8f/95/8f9569296cae81bd54945fc16c8204fa_best.jpg	627717492	jackets	https://img.shopstyle-cdn.com/pim/04/17/041798e389745a1fd408e6e834298368_best.jpg
101	invalid_collection	606452553	shorts	https://img.shopstyle-cdn.com/pim/c0/05/c005dae84abc455256210c7fbd9a1750_best.jpg	542401919	jackets	https://img.shopstyle-cdn.com/pim/45/77/45776a9aba600a04232c5f460bd264b1_best.jpg
224	invalid_collection	540505886	dresses	https://img.shopstyle-cdn.com/pim/b1/9c/b19c573bf8960ada886aaea6bebac86c_best.jpg	631511710	jackets	https://img.shopstyle-cdn.com/pim/0c/4e/0c4e0c91a4820e9437edf19df2158a0e_best.jpg
45	invalid_collection	647232821	sweaters	https://img.shopstyle-cdn.com/pim/b1/0c/b10c12dc4cd4071341744e94ca0fd8e2_best.jpg	632623945	jackets	https://img.shopstyle-cdn.com/pim/94/12/94129fa0cd5e7b271a7536616216774e_best.jpg
72	invalid_collection	660595123	shorts	https://img.shopstyle-cdn.com/pim/27/20/2720a8458613d27f1813c01fb5851772_best.jpg	613033459	womens-tops	https://img.shopstyle-cdn.com/pim/26/6a/266a5bade31b94d65076ac76eca4dd07_best.jpg
131	invalid_collection	631287033	womens-pants	https://img.shopstyle-cdn.com/pim/89/6d/896d4b357482f50cf88fdb2fc519af8a_best.jpg	660644219	sweatshirts	https://img.shopstyle-cdn.com/pim/84/af/84af094df568422bd0bf8f9921f0c3a8_best.jpg
280	invalid_collection	645685833	shorts	https://img.shopstyle-cdn.com/pim/df/36/df3625f8848fe9c1ed5109204efdbb57_best.jpg	466491010	womens-tops	https://img.shopstyle-cdn.com/pim/b8/07/b8070ed239e4e54f05fa8a4027e222da_best.jpg
174	invalid_collection	626330936	sweatshirts	https://img.shopstyle-cdn.com/pim/aa/d2/aad2caa345a9091e405c15cf0732cc0a_best.jpg	644817368	jackets	https://img.shopstyle-cdn.com/pim/81/cc/81cc79f7c85b3c881592cb05fefb9837_best.jpg
135	invalid_collection	660250102	shorts	https://img.shopstyle-cdn.com/pim/60/1f/601fd2d3a5818acc25ac3681f24750f8_best.jpg	653234106	sweatshirts	https://img.shopstyle-cdn.com/pim/3d/e8/3de835289cd7a7ee57da84c3e18e5cbe_best.jpg
155	invalid_collection	613770412	skirts	https://img.shopstyle-cdn.com/pim/fa/93/fa93d747742f169c5d5fcb29daa5dabe_best.jpg	461371773	sweatshirts	https://img.shopstyle-cdn.com/pim/12/29/1229bee9eef2fa0047f478a7508040f4_best.jpg
175	invalid_collection	523543599	womens-tops	https://img.shopstyle-cdn.com/pim/91/20/9120284dce607af1a200b46a604aa4fd_best.jpg	542917497	jackets	https://img.shopstyle-cdn.com/pim/52/51/5251e803fd46859e6a65b241c7fa81eb_best.jpg
182	invalid_collection	652816563	shorts	https://img.shopstyle-cdn.com/pim/83/50/83506c394642abab4b0855c81b6482a1_best.jpg	660457693	sweaters	https://img.shopstyle-cdn.com/pim/84/43/844301dd200405e3dbe01f4d4065b0cb_best.jpg
181	invalid_collection	624397783	shorts	https://img.shopstyle-cdn.com/pim/fe/77/fe77fbb5022ae51517538e8ef455ab57_best.jpg	501392327	jackets	https://img.shopstyle-cdn.com/pim/7f/2f/7f2f361a9c32d59d912cec457834c56c_best.jpg
60	invalid_collection	658986032	skirts	https://img.shopstyle-cdn.com/pim/57/1c/571cef9bb95b583043198240ad246731_best.jpg	643873101	womens-tops	https://img.shopstyle-cdn.com/pim/4c/30/4c30adc651197ab54353bdb592508f66_best.jpg
69	invalid_collection	622152389	shorts	https://img.shopstyle-cdn.com/pim/fe/cd/fecdd1ddeeb63e049c4794175d9914fe_best.jpg	657438112	jackets	https://img.shopstyle-cdn.com/pim/09/c3/09c39778a1196e9cd7a662d4ed70a138_best.jpg
176	invalid_collection	662490502	dresses	https://img.shopstyle-cdn.com/pim/28/fa/28fa2f8aa961ee36c805482836511864_best.jpg	644817368	jackets	https://img.shopstyle-cdn.com/pim/81/cc/81cc79f7c85b3c881592cb05fefb9837_best.jpg
108	invalid_collection	652395034	skirts	https://img.shopstyle-cdn.com/pim/3c/89/3c89f5426f7547fbafe77827bfd09567_best.jpg	658674787	womens-tops	https://img.shopstyle-cdn.com/pim/52/88/52886ea3c267ebcbee2d01805b8bc70e_best.jpg
8	invalid_collection	656259536	shorts	https://img.shopstyle-cdn.com/pim/2a/b7/2ab769a066606197347a3ce0f05fe826_best.jpg	635759976	womens-tops	https://img.shopstyle-cdn.com/pim/25/38/2538822d770a6e185517ea91feaa54f8_best.jpg
102	invalid_collection	645755593	shorts	https://img.shopstyle-cdn.com/pim/8d/0b/8d0b60d6cc2d9229d7c06c66e7716038_best.jpg	522474582	sweaters	https://img.shopstyle-cdn.com/pim/6b/c7/6bc7475f738fd4d96a23122fb4645790_best.jpg
288	invalid_collection	603582573	dresses	https://img.shopstyle-cdn.com/pim/0a/4a/0a4a4a4462c016ae5b3be9457a4e820a_best.jpg	633189429	jackets	https://img.shopstyle-cdn.com/pim/96/05/9605f03aba67f82700516dcc28286abd_best.jpg
264	invalid_collection	622814262	shorts	https://img.shopstyle-cdn.com/pim/2b/6f/2b6fd721b947ea9b6ef25900531ee1d6_best.jpg	627075986	womens-tops	https://img.shopstyle-cdn.com/pim/d2/10/d210889191f2d4ad4de0cc0e98aa757d_best.jpg
30	invalid_collection	655911709	sweatshirts	https://img.shopstyle-cdn.com/pim/05/30/0530350162a049b04caace65a95f7252_best.jpg	621515703	jackets	https://img.shopstyle-cdn.com/pim/74/66/74667f8dfe840969f22fee5d8c9f6df3_best.jpg
279	invalid_collection	648478417	shorts	https://img.shopstyle-cdn.com/pim/a1/17/a1172eb81a47099a267389dc60c0a148_best.jpg	669040796	sweatshirts	https://img.shopstyle-cdn.com/pim/09/70/0970619639a226ed20a26dfea6ad32e5_best.jpg
136	invalid_collection	639707615	shorts	https://img.shopstyle-cdn.com/pim/70/c4/70c4db1975016f45e34a32a0c89a4901_best.jpg	619208670	womens-tops	https://img.shopstyle-cdn.com/pim/b5/c8/b5c80e97029e079890da5e6a91317217_best.jpg
80	invalid_collection	642887083	dresses	https://img.shopstyle-cdn.com/pim/4c/be/4cbe0c51737684f2467d52a60fd84690_best.jpg	663375557	jackets	https://img.shopstyle-cdn.com/pim/32/ed/32edd656d303c1c77189c85ae6c88258_best.jpg
160	invalid_collection	632405569	dresses	https://img.shopstyle-cdn.com/pim/ab/6b/ab6b17b3960a06d50205630820b3eda4_best.jpg	637927155	jackets	https://img.shopstyle-cdn.com/pim/7d/04/7d04a0cd58f572ed937513c099411494_best.jpg
246	invalid_collection	542862952	shorts	https://img.shopstyle-cdn.com/pim/a3/c6/a3c663c4d882e0533684a71ad4043c66_best.jpg	664934578	sweaters	https://img.shopstyle-cdn.com/pim/b5/7e/b57e3f3a031fd7317a958c1aeab7ad6c_best.jpg
130	invalid_collection	634168645	womens-pants	https://img.shopstyle-cdn.com/pim/ef/0f/ef0f24fc9223829214921ea8598d2b00_best.jpg	661450937	sweaters	https://img.shopstyle-cdn.com/pim/dd/94/dd94956540f699ee2e854c96e704e4c8_best.jpg
77	invalid_collection	622239611	sweaters	https://img.shopstyle-cdn.com/pim/9d/57/9d5768917a680cf20216d52e1557a06a_best.jpg	490418077	jackets	https://img.shopstyle-cdn.com/pim/92/cd/92cd85e8379fbb7bd885d2bed684fade_best.jpg
88	invalid_collection	646764258	shorts	https://img.shopstyle-cdn.com/pim/0e/b9/0eb9d67e36e53f81a4ce606f300763db_best.jpg	610027663	womens-tops	https://img.shopstyle-cdn.com/pim/ca/70/ca7044e9cf2694fce95e2d43078e6e47_best.jpg
70	invalid_collection	656157222	shorts	https://img.shopstyle-cdn.com/pim/2e/cc/2ecc23115c7b3387f1e4d51695911cc7_best.jpg	542492519	sweaters	https://img.shopstyle-cdn.com/pim/38/4b/384b7a7752d6604eb77307a3bb860317_best.jpg
75	invalid_collection	651762064	skirts	https://img.shopstyle-cdn.com/pim/e0/37/e0377e222b570c7f148e3882c351953e_best.jpg	662833202	sweatshirts	https://img.shopstyle-cdn.com/pim/18/72/187269d2adaa1858236017ae3272a476_best.jpg
62	invalid_collection	658071885	sweatshirts	https://img.shopstyle-cdn.com/pim/54/ae/54aec0990ca6ff8e59a4904842f456e9_best.jpg	668478751	jackets	https://img.shopstyle-cdn.com/pim/c1/46/c146a9351d68e3792add504256788f81_best.jpg
188	invalid_collection	487299992	skirts	https://img.shopstyle-cdn.com/pim/d3/d4/d3d49076eade26bbd3b9de6bf4f0934d_best.jpg	634918288	womens-tops	https://img.shopstyle-cdn.com/pim/2c/2a/2c2adc3963da3f2f77394902c098a915_best.jpg
19	invalid_collection	662207075	womens-pants	https://img.shopstyle-cdn.com/pim/7d/8d/7d8d66372b452ba4c4a1ae7919329d83_best.jpg	654760498	sweatshirts	https://img.shopstyle-cdn.com/pim/37/11/37117f79c66b4d72416964f25f282118_best.jpg
237	invalid_collection	645959309	sweaters	https://img.shopstyle-cdn.com/pim/34/ff/34ff11e37d40171f8c58b05f897a1c7b_best.jpg	604110653	jackets	https://img.shopstyle-cdn.com/pim/0e/fe/0efe2c4c95d3adbcb2b0c385922f0b10_best.jpg
154	invalid_collection	486680655	skirts	https://img.shopstyle-cdn.com/pim/6e/3a/6e3a92676250a286a062438e55f41692_best.jpg	666566646	sweaters	https://img.shopstyle-cdn.com/pim/61/60/61600283f88e35e01f00bd4a8e2c6bb8_best.jpg
15	invalid_collection	661773998	womens-tops	https://img.shopstyle-cdn.com/pim/93/89/93899e2a5057f0d83f1542b68f5cb156_best.jpg	639466758	jackets	https://img.shopstyle-cdn.com/pim/f3/da/f3dacd5da13e50ee1d72811bdc54fd5f_best.jpg
283	invalid_collection	654423420	skirts	https://img.shopstyle-cdn.com/pim/db/42/db42559205e48a191a3837ce7435bd54_best.jpg	665121886	sweatshirts	https://img.shopstyle-cdn.com/pim/9b/23/9b2323ea676fbb2aebe9457fed6a0a88_best.jpg
6	invalid_collection	656464627	shorts	https://img.shopstyle-cdn.com/pim/63/57/6357da940f2a42d7533d2fb497aa9e11_best.jpg	632929333	sweaters	https://img.shopstyle-cdn.com/pim/11/02/11023f2b624b5528bd4872205f8799ea_best.jpg
238	invalid_collection	497654141	sweatshirts	https://img.shopstyle-cdn.com/pim/07/dd/07dd70ff16cc5bd166a945a34693f829_best.jpg	656239575	jackets	https://img.shopstyle-cdn.com/pim/be/be/bebe73dcc06c7f519a94bc761b355169_best.jpg
16	invalid_collection	647272468	dresses	https://img.shopstyle-cdn.com/pim/ee/80/ee80718511b592cee08ddbbec0f38d18_best.jpg	656723231	jackets	https://img.shopstyle-cdn.com/pim/f9/fa/f9faf1ee543dfc7bed10b303dab5ca34_best.jpg
23	invalid_collection	663687939	shorts	https://img.shopstyle-cdn.com/pim/dc/46/dc4615d937d00be009d946694fffa685_best.jpg	645684225	sweatshirts	https://img.shopstyle-cdn.com/pim/77/83/7783fa05280f059f6450e2e5d36304d4_best.jpg
254	invalid_collection	662974244	sweatshirts	https://img.shopstyle-cdn.com/pim/cb/c8/cbc81b122115c4982d1173310011f49a_best.jpg	531556397	jackets	https://img.shopstyle-cdn.com/pim/32/98/3298028ab24d66ebe26de827bf454b93_best.jpg
44	invalid_collection	648547308	skirts	https://img.shopstyle-cdn.com/pim/fe/22/fe2213070f857cf4b91917ce28cabb3c_best.jpg	661115201	womens-tops	https://img.shopstyle-cdn.com/pim/f2/c6/f2c6f80efa3241ed97dbe468fb7347bb_best.jpg
263	invalid_collection	640650911	shorts	https://img.shopstyle-cdn.com/pim/b5/e9/b5e94ce344fef62bc790b171703d976f_best.jpg	657937877	sweatshirts	https://img.shopstyle-cdn.com/pim/c3/7d/c37d9d0db87edbbb82222c6cdaba4759_best.jpg
234	invalid_collection	537586428	skirts	https://img.shopstyle-cdn.com/pim/df/4e/df4e5b77d8f4a24dca74ddeed0f84892_best.jpg	665676109	sweaters	https://img.shopstyle-cdn.com/pim/fe/cb/fecba8dc93ffcebce6f619d9df3787e5_best.jpg
253	invalid_collection	655003902	sweaters	https://img.shopstyle-cdn.com/pim/e3/44/e3445ae299de965e9a89fdb2fe5b3f55_best.jpg	651086184	jackets	https://img.shopstyle-cdn.com/pim/6b/d9/6bd9981b4bf2f600bac0d53f33bc6f3f_best.jpg
240	invalid_collection	614578058	dresses	https://img.shopstyle-cdn.com/pim/78/22/7822fdca83459d614e4c57bd2f8e91c5_best.jpg	666835535	jackets	https://img.shopstyle-cdn.com/pim/65/63/65637175078ec3bc1036f36c6498cfeb_best.jpg
120	invalid_collection	614447892	shorts	https://img.shopstyle-cdn.com/pim/e7/26/e726455037862f41afd27e635761dfa7_best.jpg	649094804	womens-tops	https://img.shopstyle-cdn.com/pim/05/3d/053d9be118b7ede8259f5ee3221c3483_best.jpg
93	invalid_collection	656238469	sweaters	https://img.shopstyle-cdn.com/pim/02/a3/02a39504116d603b4ffc897e1aea90bb_best.jpg	627408656	jackets	https://img.shopstyle-cdn.com/pim/06/98/06985e94c51e4edc15455decdc5297e5_best.jpg
227	invalid_collection	634168645	womens-pants	https://img.shopstyle-cdn.com/pim/ef/0f/ef0f24fc9223829214921ea8598d2b00_best.jpg	543683440	sweatshirts	https://img.shopstyle-cdn.com/pim/85/e5/85e5a22ad79353cfff3a6b1da54e63b8_best.jpg
117	invalid_collection	626853635	shorts	https://img.shopstyle-cdn.com/pim/73/4e/734e7fa7ea9aa32f04666f18ff0d5b09_best.jpg	665019909	jackets	https://img.shopstyle-cdn.com/pim/a7/51/a7517cc111ea70d043abb96af00256ee_best.jpg
233	invalid_collection	639479131	skirts	https://img.shopstyle-cdn.com/pim/54/4e/544ef4f61a597fb408f8ee9bb22f5cbe_best.jpg	647445177	jackets	https://img.shopstyle-cdn.com/pim/07/23/0723465f8b26c490ce09d0c24702b4bc_best.jpg
138	invalid_collection	633244301	skirts	https://img.shopstyle-cdn.com/pim/a4/59/a459bf075ee7e3ec0f755644ddd5ac9a_best.jpg	616550708	sweaters	https://img.shopstyle-cdn.com/pim/11/6a/116a46341bd06bfc38b991b114a7fb97_best.jpg
145	invalid_collection	657940124	womens-pants	https://img.shopstyle-cdn.com/pim/0c/59/0c59bee51abc0b96fb2b20995a666dcc_best.jpg	618491264	jackets	https://img.shopstyle-cdn.com/pim/1f/83/1f8308d6dc1a15b292565f87593b661a_best.jpg
200	invalid_collection	480089301	shorts	https://img.shopstyle-cdn.com/pim/ce/62/ce62c172b489aad360e55daa2846fa70_best.jpg	658702423	womens-tops	https://img.shopstyle-cdn.com/pim/46/61/4661e6ddc861c377f059923b396284cd_best.jpg
27	invalid_collection	651239633	skirts	https://img.shopstyle-cdn.com/pim/bb/1d/bb1de1d00ef705aab4c39322160460bb_best.jpg	666810416	sweatshirts	https://img.shopstyle-cdn.com/pim/9a/a3/9aa3691ebc4fb20ad0147c7192f5b090_best.jpg
189	invalid_collection	636545307	sweaters	https://img.shopstyle-cdn.com/pim/2c/87/2c87960c3427e61249d892e6dd8c0350_best.jpg	639537460	jackets	https://img.shopstyle-cdn.com/pim/40/fb/40fb08953ed074074d09f57aabcbceda_best.jpg
166	invalid_collection	646799949	shorts	https://img.shopstyle-cdn.com/pim/0d/b7/0db742b47f4d24defc347b9b3f73b01b_best.jpg	657157758	sweaters	https://img.shopstyle-cdn.com/pim/49/86/498682f231b8264151c05000f277653c_best.jpg
99	invalid_collection	474678021	womens-pants	https://img.shopstyle-cdn.com/pim/a8/3a/a83a4c583c23ad6a0359cb43b66cf5c5_best.jpg	634139982	sweatshirts	https://img.shopstyle-cdn.com/pim/e4/a3/e4a351f601164f45a15d47bf3085df86_best.jpg
190	invalid_collection	660769706	sweatshirts	https://img.shopstyle-cdn.com/pim/7d/fc/7dfc3a72260a9f2f2d1fd3346520e1c6_best.jpg	647097403	jackets	https://img.shopstyle-cdn.com/pim/ab/e3/abe39f679e20bdc5437716cb2d6fdbca_best.jpg
0	invalid_collection	641090016	dresses	https://img.shopstyle-cdn.com/pim/48/1d/481d2b92e5c82ee50b05ab14391185f9_best.jpg	665939204	jackets	https://img.shopstyle-cdn.com/pim/26/09/26097c619daf465e93dc69f3dff1b8be_best.jpg
289	invalid_collection	652437924	womens-pants	https://img.shopstyle-cdn.com/pim/71/ca/71ca3e9ef8a8d443c67b3e1f7f08bfc9_best.jpg	638099602	jackets	https://img.shopstyle-cdn.com/pim/99/3f/993f6433998412efca9f19e15af758be_best.jpg
39	invalid_collection	542779352	shorts	https://img.shopstyle-cdn.com/pim/92/eb/92ebbd3c8a7f0e70bfc995a05ed331b7_best.jpg	651253149	sweatshirts	https://img.shopstyle-cdn.com/pim/95/18/951881d0f797417fb522674ffce62589_best.jpg
265	invalid_collection	661588845	skirts	https://img.shopstyle-cdn.com/pim/9f/f1/9ff1f098793eec250b0bdc0bb8c97f14_best.jpg	655891427	jackets	https://img.shopstyle-cdn.com/pim/4b/1a/4b1a5aae7437f50d7d39fd916e2f58bc_best.jpg
222	invalid_collection	667414428	sweatshirts	https://img.shopstyle-cdn.com/pim/f4/3a/f43a11b755c4ccaef3bdce81f4a148ea_best.jpg	662455682	jackets	https://img.shopstyle-cdn.com/pim/e7/b9/e7b910461ef2790b0dc98be8f2e1f841_best.jpg
149	invalid_collection	641842655	shorts	https://img.shopstyle-cdn.com/pim/21/13/211322060b9936a60fdc16b73c9f37e4_best.jpg	666947159	jackets	https://img.shopstyle-cdn.com/pim/31/ea/31ea7966195a27d59f18b977e049a20f_best.jpg
9	invalid_collection	632176672	skirts	https://img.shopstyle-cdn.com/pim/3e/ce/3ece0dd9250a2d6d715ed3676bc75cf7_best.jpg	656030743	jackets	https://img.shopstyle-cdn.com/pim/17/d1/17d173f0d06456fb44753f230b63d866_best.jpg
34	invalid_collection	632196941	womens-pants	https://img.shopstyle-cdn.com/pim/69/92/6992f44fb1bded2c6804c3e014b195f8_best.jpg	541440012	sweaters	https://img.shopstyle-cdn.com/pim/d1/10/d1108fbbc34149b9fbc16f103ce766f0_best.jpg
14	invalid_collection	643962459	sweatshirts	https://img.shopstyle-cdn.com/pim/da/30/da30245d48a89df36b0c3028e9399e8a_best.jpg	491540374	jackets	https://img.shopstyle-cdn.com/pim/e0/72/e07247a89a455e6cec32299bfd96b138_best.jpg
179	invalid_collection	654783689	womens-pants	https://img.shopstyle-cdn.com/pim/1f/08/1f08ee5f59de33b2be339c41eed7e000_best.jpg	654940114	sweatshirts	https://img.shopstyle-cdn.com/pim/39/f1/39f1b1c9f2f8bfef9074a9adba5f066d_best.jpg
140	invalid_collection	647690603	skirts	https://img.shopstyle-cdn.com/pim/7d/8b/7d8b04a3046345a6fe7547f18e0c069b_best.jpg	484846546	womens-tops	https://img.shopstyle-cdn.com/pim/a6/3d/a63decb5c79a6e8d00d5901ef1a3747f_best.jpg
31	invalid_collection	639399636	womens-tops	https://img.shopstyle-cdn.com/pim/4c/bd/4cbd1cca1562a13f2b29795f4fcca4d1_best.jpg	609911419	jackets	https://img.shopstyle-cdn.com/pim/10/02/100226c51fc40732033a272bb35d7d4c_best.jpg
184	invalid_collection	649915827	shorts	https://img.shopstyle-cdn.com/pim/61/09/61090215d85d63786fdf1ed76e6cba01_best.jpg	653254434	womens-tops	https://img.shopstyle-cdn.com/pim/03/53/0353ba437ba1389657e22492ea7debf9_best.jpg
123	invalid_collection	648264441	skirts	https://img.shopstyle-cdn.com/pim/28/db/28db6edf54ad880f5bb4ad4e8146b448_best.jpg	660771397	sweatshirts	https://img.shopstyle-cdn.com/pim/23/ef/23ef352152fd0436d222dce122d8832c_best.jpg
178	invalid_collection	643691257	womens-pants	https://img.shopstyle-cdn.com/pim/9b/60/9b604f3ad52637ccd243117f44ae50d2_best.jpg	661113722	sweaters	https://img.shopstyle-cdn.com/pim/67/12/6712dcca85ad3ac2130a320d8ca39c6a_best.jpg
167	invalid_collection	653922150	shorts	https://img.shopstyle-cdn.com/pim/89/52/895249e85b56193826fb5e6d6b06ce3a_best.jpg	523765753	sweatshirts	https://img.shopstyle-cdn.com/pim/4f/78/4f7822b6a11e08d8019e543adb79f861_best.jpg
81	invalid_collection	645228968	womens-pants	https://img.shopstyle-cdn.com/pim/9c/d2/9cd29ebc390e3562d86f1adbf4b0e810_best.jpg	486772578	jackets	https://img.shopstyle-cdn.com/pim/1d/f7/1df7e00c81a86c30c8bcf178a28aa119_best.jpg
217	invalid_collection	641883124	skirts	https://img.shopstyle-cdn.com/pim/db/3d/db3dd592f2cce6778052323093c494aa_best.jpg	655103886	jackets	https://img.shopstyle-cdn.com/pim/87/9b/879b75ddbaa9db1f42c1fe49fd2a495d_best.jpg
215	invalid_collection	632693382	shorts	https://img.shopstyle-cdn.com/pim/bf/a5/bfa5af2487cadc4a6dd7350fb0ce15c3_best.jpg	635090388	sweatshirts	https://img.shopstyle-cdn.com/pim/56/b7/56b7f3fd7df9d3f0b5cdb4f2d8333bd0_best.jpg
28	invalid_collection	648134863	skirts	https://img.shopstyle-cdn.com/pim/5b/88/5b887f9b9707621464b134bc241b0123_best.jpg	661113765	womens-tops	https://img.shopstyle-cdn.com/pim/94/3c/943cbd6676644a8e2071aecf264400ae_best.jpg
133	invalid_collection	660395631	shorts	https://img.shopstyle-cdn.com/pim/0e/45/0e45311b9e380d63c129cf724d9f0dac_best.jpg	656024211	jackets	https://img.shopstyle-cdn.com/pim/d7/4f/d74fcf73213a97b918c9adeba6f604fe_best.jpg
110	invalid_collection	633768853	sweatshirts	https://img.shopstyle-cdn.com/pim/e5/d4/e5d4739ee79ce531d44035fab268a77e_best.jpg	639302786	jackets	https://img.shopstyle-cdn.com/pim/58/52/585260e4d375a579793cfff8150fce25_best.jpg
82	invalid_collection	617174350	womens-pants	https://img.shopstyle-cdn.com/pim/a4/04/a4047dd7f5204aeab624569314579f69_best.jpg	649415037	sweaters	https://img.shopstyle-cdn.com/pim/e7/27/e727447266a628810e408d0bffd30a78_best.jpg
20	invalid_collection	643234837	womens-pants	https://img.shopstyle-cdn.com/pim/05/12/051265a36942986decfe2cd1a910108b_best.jpg	635669601	womens-tops	https://img.shopstyle-cdn.com/pim/4f/53/4f53775128d9d8a0c578871ed63787e4_best.jpg
38	invalid_collection	661747137	shorts	https://img.shopstyle-cdn.com/pim/4b/39/4b39f7cc30def4c86327cb8c21a918d5_best.jpg	667916440	sweaters	https://img.shopstyle-cdn.com/pim/03/ad/03adf4142e5bbb83fec9fc20a04f4084_best.jpg
232	invalid_collection	641432571	shorts	https://img.shopstyle-cdn.com/pim/9e/6e/9e6e727123465b2f7f3a6f722578edc1_best.jpg	631564553	womens-tops	https://img.shopstyle-cdn.com/pim/a0/b2/a0b2dd917d60d2e1a8b3a9ad42e39be7_best.jpg
286	invalid_collection	619387528	sweatshirts	https://img.shopstyle-cdn.com/pim/c1/4a/c14ae3426493fce7dcc58270290b51ed_best.jpg	635415065	jackets	https://img.shopstyle-cdn.com/pim/6d/87/6d879882ecc4cad9af4436ab4471d3b5_best.jpg
255	invalid_collection	648336372	womens-tops	https://img.shopstyle-cdn.com/pim/7e/c1/7ec19a1c870cdf7df953d9f5d1b9069a_best.jpg	664176163	jackets	https://img.shopstyle-cdn.com/pim/ba/10/ba1066bf598ab5c9442d3e56ce8c65ac_best.jpg
5	invalid_collection	656934755	shorts	https://img.shopstyle-cdn.com/pim/f8/42/f8429b55bea187ca8d48b3416c942dbe_best.jpg	660552852	jackets	https://img.shopstyle-cdn.com/pim/ed/2a/ed2aef337ae9be264befdf1c83cd64be_best.jpg
40	invalid_collection	655909633	shorts	https://img.shopstyle-cdn.com/pim/d8/07/d8075a02a77b19079badf98d5e4d17dd_best.jpg	659526220	womens-tops	https://img.shopstyle-cdn.com/pim/96/ec/96ec5bb7e9271908fb0e8c9b7393b261_best.jpg
298	invalid_collection	656915736	skirts	https://img.shopstyle-cdn.com/pim/86/46/8646d1bad20b34207ee37ea076da8fbc_best.jpg	658068997	sweaters	https://img.shopstyle-cdn.com/pim/00/a9/00a900622cf40a2d887c152d18a71702_best.jpg
85	invalid_collection	625878121	shorts	https://img.shopstyle-cdn.com/pim/7d/81/7d81a114366bc8f1e18dbb8992fc3c8a_best.jpg	643649374	jackets	https://img.shopstyle-cdn.com/pim/56/fc/56fc2c41c0c02ebcd7718606ec73557a_best.jpg
86	invalid_collection	650784234	shorts	https://img.shopstyle-cdn.com/pim/7a/bd/7abd1254e393e685e9554a610117b683_best.jpg	655435065	sweaters	https://img.shopstyle-cdn.com/pim/48/c0/48c0755791a1e7501ae9357c5601926d_best.jpg
256	invalid_collection	615493456	dresses	https://img.shopstyle-cdn.com/pim/b9/95/b9956a84283439ca86009d74b4955b56_best.jpg	630242873	jackets	https://img.shopstyle-cdn.com/pim/07/66/0766054cf6bd6f03be9eeeaa0974907b_best.jpg
47	invalid_collection	648390397	womens-tops	https://img.shopstyle-cdn.com/pim/87/27/87270ffcfc42054c220788f629ebd8c9_best.jpg	613264852	jackets	https://img.shopstyle-cdn.com/pim/68/ed/68edd8e95a501de01aa6d8135f37236a_best.jpg
236	invalid_collection	650871495	skirts	https://img.shopstyle-cdn.com/pim/0e/d3/0ed3c1e87d4650782f25fab0ab0e6d50_best.jpg	648880611	womens-tops	https://img.shopstyle-cdn.com/pim/84/0e/840e757f36a5516d1aa54f63979da3e2_best.jpg
165	invalid_collection	648976399	shorts	https://img.shopstyle-cdn.com/pim/5a/91/5a91fcbe838fd3aa27ceab65b881983b_best.jpg	336526869	jackets	https://img.shopstyle-cdn.com/pim/1a/f7/1af7491ff4373b53919a3f87e71c6557_best.jpg
111	invalid_collection	527314478	womens-tops	https://img.shopstyle-cdn.com/pim/3c/48/3c487747228e73f85f0962a28c1e4210_best.jpg	655429961	jackets	https://img.shopstyle-cdn.com/pim/e2/f2/e2f2d8f623fd1847815173654cc2e8ed_best.jpg
249	invalid_collection	655389221	skirts	https://img.shopstyle-cdn.com/pim/2a/1b/2a1bb8d86f52d3b906f5f3522009ec0a_best.jpg	506625470	jackets	https://img.shopstyle-cdn.com/pim/da/f1/daf122de18dc555dcc98bebbfe1c3595_best.jpg
11	invalid_collection	544000629	skirts	https://img.shopstyle-cdn.com/pim/82/f3/82f35ccbd50ee54807549380e4f0e495_best.jpg	632011925	sweatshirts	https://img.shopstyle-cdn.com/pim/49/c4/49c44ee5e35c4f6928b044b2b878cc7e_best.jpg
83	invalid_collection	642711449	womens-pants	https://img.shopstyle-cdn.com/pim/f0/03/f0032f928f3b75453e70029f6db8512b_best.jpg	649691773	sweatshirts	https://img.shopstyle-cdn.com/pim/53/e5/53e52fd179d8c56f52aedcafd253a481_best.jpg
127	invalid_collection	660637066	womens-tops	https://img.shopstyle-cdn.com/pim/a8/2b/a82bd79dc407a95603946d2bc523cd2f_best.jpg	645743356	jackets	https://img.shopstyle-cdn.com/pim/ee/65/ee6576704be771cd50d0db0f8e482bfc_best.jpg
197	invalid_collection	637439228	shorts	https://img.shopstyle-cdn.com/pim/9d/c1/9dc1d9139ac3814c17d0cdfc1f594a0d_best.jpg	349536994	jackets	https://img.shopstyle-cdn.com/pim/eb/95/eb9587c08078e0f2cd7c73e29d2179f4_best.jpg
153	invalid_collection	654392702	skirts	https://img.shopstyle-cdn.com/pim/83/fc/83fc9fa1e44a34e29582410d49d9406c_best.jpg	619348017	jackets	https://img.shopstyle-cdn.com/pim/a6/3b/a63b97029a58b8a186b6a83caaf789f5_best.jpg
269	invalid_collection	664807427	sweaters	https://img.shopstyle-cdn.com/pim/08/14/08147906a2ff1c05b271eacd9a059303_best.jpg	632969731	jackets	https://img.shopstyle-cdn.com/pim/be/42/be42bc31474540294a7bee8555e734e7_best.jpg
22	invalid_collection	621550066	shorts	https://img.shopstyle-cdn.com/pim/c5/59/c5599f86619555ba4031cf5cce309474_best.jpg	527411070	sweaters	https://img.shopstyle-cdn.com/pim/91/be/91be40322aea3e7e1c44bc443f544005_best.jpg
84	invalid_collection	643397861	womens-pants	https://img.shopstyle-cdn.com/pim/e4/93/e4934ae7cb967e3748ec597d2d40cd5c_best.jpg	633751802	womens-tops	https://img.shopstyle-cdn.com/pim/71/40/71401dbe93961fa1be02c1f88c000243_best.jpg
203	invalid_collection	648420061	skirts	https://img.shopstyle-cdn.com/pim/f4/10/f410115fed4b7fd65e3af94454991a70_best.jpg	644202353	sweatshirts	https://img.shopstyle-cdn.com/pim/65/65/656565d39200659e81d02ab6ff312033_best.jpg
29	invalid_collection	540362706	sweaters	https://img.shopstyle-cdn.com/pim/e7/dc/e7dc1ad23d9b9c88f18d818db9e1b3c6_best.jpg	656236914	jackets	https://img.shopstyle-cdn.com/pim/60/e4/60e4a1d8d673ff6b100a8abea77cfeca_best.jpg
21	invalid_collection	615946601	shorts	https://img.shopstyle-cdn.com/pim/89/ab/89ab7f4f3e83a743147db9c04f1b58dc_best.jpg	608566097	jackets	https://img.shopstyle-cdn.com/pim/de/c7/dec7dd972d6827af6db6953a8e35b850_best.jpg
118	invalid_collection	637440865	shorts	https://img.shopstyle-cdn.com/pim/ad/1e/ad1e0529085a1cdcddf7233c3f1a2f78_best.jpg	542905071	sweaters	https://img.shopstyle-cdn.com/pim/49/8a/498a7fa4ec1d3fcdd145be29510f6db2_best.jpg
291	invalid_collection	661424227	womens-pants	https://img.shopstyle-cdn.com/pim/b3/6f/b36f0cd61900ef01c4c4356e92ed4fea_best.jpg	610760611	sweatshirts	https://img.shopstyle-cdn.com/pim/c4/c2/c4c21e450bdfeb6d2249af5c3a26e309_best.jpg
112	invalid_collection	503488663	dresses	https://img.shopstyle-cdn.com/pim/bf/4f/bf4f3c57e547186fd651904e181f2910_best.jpg	647736620	jackets	https://img.shopstyle-cdn.com/pim/2e/cc/2eccdc54776989fee3a15a1bf0db005a_best.jpg
229	invalid_collection	662004444	shorts	https://img.shopstyle-cdn.com/pim/0e/21/0e215e4645f307d5ddc2fd632da11c69_best.jpg	666536574	jackets	https://img.shopstyle-cdn.com/pim/50/4c/504c9d4c262d84d0db12ac62e119d81e_best.jpg
252	invalid_collection	651239627	skirts	https://img.shopstyle-cdn.com/pim/d2/53/d253dc148a8948b1cf501c89285ca8ba_best.jpg	657593644	womens-tops	https://img.shopstyle-cdn.com/pim/bb/2b/bb2b32ad635b92417f2d5cb7e6e3d996_best.jpg
25	invalid_collection	624400081	skirts	https://img.shopstyle-cdn.com/pim/e5/0a/e50a25246b8b9869db720bac262c102a_best.jpg	604995402	jackets	https://img.shopstyle-cdn.com/pim/f3/67/f367aaf146bc19fe7dd72704c426c91e_best.jpg
199	invalid_collection	621952384	shorts	https://img.shopstyle-cdn.com/pim/f0/e8/f0e8ac6cde4add2f85f6e6884ecad7f4_best.jpg	616730112	sweatshirts	https://img.shopstyle-cdn.com/pim/cf/31/cf31f3515b7c9fbd44ea3c6f4a5a4964_best.jpg
206	invalid_collection	658702422	sweatshirts	https://img.shopstyle-cdn.com/pim/9d/13/9d134f57014e194573cbcd557378b6af_best.jpg	654828740	jackets	https://img.shopstyle-cdn.com/pim/cb/05/cb05d5f6d4d65c6d0c889d06886b9e58_best.jpg
292	invalid_collection	615493453	womens-pants	https://img.shopstyle-cdn.com/pim/d0/02/d0024d78994944e04c887659c909078b_best.jpg	639651904	womens-tops	https://img.shopstyle-cdn.com/pim/31/b1/31b18c60225ff1db25d0bdd9c36b9b65_best.jpg
257	invalid_collection	655713724	womens-pants	https://img.shopstyle-cdn.com/pim/1b/de/1bded5c2bac16a2be88c62911050f9e6_best.jpg	656236914	jackets	https://img.shopstyle-cdn.com/pim/60/e4/60e4a1d8d673ff6b100a8abea77cfeca_best.jpg
159	invalid_collection	643977574	womens-tops	https://img.shopstyle-cdn.com/pim/bf/c5/bfc549db81a2d63a3006b366ea584600_best.jpg	647646889	jackets	https://img.shopstyle-cdn.com/pim/1a/d6/1ad633dc12b1a2b2eb7444ccc5765c84_best.jpg
242	invalid_collection	613453135	womens-pants	https://img.shopstyle-cdn.com/pim/6e/70/6e704651ff6e5167f5f96c47dedc07c6_best.jpg	619638540	sweaters	https://img.shopstyle-cdn.com/pim/3f/fc/3ffce9a975fee94fa6fab5f6b4c4cdd4_best.jpg
32	invalid_collection	666839125	dresses	https://img.shopstyle-cdn.com/pim/84/93/84936e14513e2935602f7a815e0029d7_best.jpg	660237821	jackets	https://img.shopstyle-cdn.com/pim/cc/f5/ccf569075a2afef7312c98e03a37ea62_best.jpg
146	invalid_collection	657279662	womens-pants	https://img.shopstyle-cdn.com/pim/90/7a/907a072be87d8b0d69249551bf6df91b_best.jpg	620049060	sweaters	https://img.shopstyle-cdn.com/pim/7c/f7/7cf75c003c3bc27fbf3394370676be41_best.jpg
180	invalid_collection	535241633	womens-pants	https://img.shopstyle-cdn.com/pim/3c/40/3c407f215471fed625310be0f47b4372_best.jpg	649652759	womens-tops	https://img.shopstyle-cdn.com/pim/9d/69/9d69a90c5036a7890957658c8f25bab9_best.jpg
230	invalid_collection	666160090	shorts	https://img.shopstyle-cdn.com/pim/a6/47/a6478d6c6ff0d55952f1c9a1155e308b_best.jpg	648390208	sweaters	https://img.shopstyle-cdn.com/pim/e1/04/e10432af75e61ba854eb7c0419a9da19_best.jpg
126	invalid_collection	647915609	sweatshirts	https://img.shopstyle-cdn.com/pim/73/dd/73ddf6918e22a92ce8f9619444aed281_best.jpg	665941036	jackets	https://img.shopstyle-cdn.com/pim/48/37/48376a5b2ed1ccfc1d133e865c118bbd_best.jpg
78	invalid_collection	665023214	sweatshirts	https://img.shopstyle-cdn.com/pim/28/a7/28a7b1f44c622f62107403badf713cc4_best.jpg	630481908	jackets	https://img.shopstyle-cdn.com/pim/54/d2/54d2443942d8ddf21f8e4ad25fa07bac_best.jpg
63	invalid_collection	658702392	womens-tops	https://img.shopstyle-cdn.com/pim/3f/a8/3fa80a3f00b1e2bf59d58d244c3094c5_best.jpg	627816709	jackets	https://img.shopstyle-cdn.com/pim/19/f9/19f94a02389d28bfa75cae1d72fb00b2_best.jpg
13	invalid_collection	663832837	sweaters	https://img.shopstyle-cdn.com/pim/fb/99/fb9944606902b6b64decf43fb153f908_best.jpg	647869814	jackets	https://img.shopstyle-cdn.com/pim/ae/9e/ae9e0cd690deee4aba2589df59f150da_best.jpg
97	invalid_collection	655694207	womens-pants	https://img.shopstyle-cdn.com/pim/27/7f/277f1e0f592ffe356df34618f96b9139_best.jpg	628686906	jackets	https://img.shopstyle-cdn.com/pim/7c/c8/7cc807742fb81d54ad878b5679a65a5c_best.jpg
104	invalid_collection	665012231	shorts	https://img.shopstyle-cdn.com/pim/ec/fb/ecfbc36c415a6838ec1b71e79cbffc53_best.jpg	654103158	womens-tops	https://img.shopstyle-cdn.com/pim/11/59/11594dd2b70be9ec83e88c62e40376c2_best.jpg
213	invalid_collection	637170110	shorts	https://img.shopstyle-cdn.com/pim/55/dd/55dde90e55a785b02c81a54e4aa3379c_best.jpg	629133827	jackets	https://img.shopstyle-cdn.com/pim/26/49/2649701b32b0f68ac3059aaa60c6b814_best.jpg
245	invalid_collection	542870714	shorts	https://img.shopstyle-cdn.com/pim/0e/c3/0ec34257e249a500db9aa976e398ca11_best.jpg	499446732	jackets	https://img.shopstyle-cdn.com/pim/72/57/7257406712601c3cbc935515279d62e9_best.jpg
87	invalid_collection	649894145	shorts	https://img.shopstyle-cdn.com/pim/19/bd/19bdbe306aec59afac1c5a29201293e0_best.jpg	635278945	sweatshirts	https://img.shopstyle-cdn.com/pim/c5/a0/c5a0495907eaa03da21d9492dd1135f5_best.jpg
192	invalid_collection	632786729	dresses	https://img.shopstyle-cdn.com/pim/d4/ce/d4ce6fb3478562a0af2fe547ae314fde_best.jpg	636740792	jackets	https://img.shopstyle-cdn.com/pim/e2/89/e28972540b5faf73ad4b460a2bf73077_best.jpg
